{"type": "metrics", "dataset": "train", "precision": 0.6986677115987461, "balanced_accuracy": 0.6649693234633609, "recall": 0.3771948381637402, "f1_score": 0.4899024591290012}
{"type": "cm_matrix", "dataset": "train", "true_0": {"predicted_0": 15504, "predicted_1": 769}, "true_1": {"predicted_0": 2944, "predicted_1": 1783}}
{"type": "metrics", "dataset": "test", "precision": 0.6728280961182994, "balanced_accuracy": 0.6657145280182, "recall": 0.38135149292823467, "f1_score": 0.4867937144767636}
{"type": "cm_matrix", "dataset": "test", "true_0": {"predicted_0": 6737, "predicted_1": 354}, "true_1": {"predicted_0": 1181, "predicted_1": 728}}
